,name,wallet,blackcow,gticket,info
3.98359177682092e+17,호준,1107.8999999999999,800,0.0,양오학원 아다 폭격기
2.959050541148406e+17,비대면의 서동주,144.14999999999998,1200,0.0,
3.756161981522903e+17,skek,60.14999999999948,2050,0.0,마스터베이션마스터
2.977431570414305e+17,독거노인,2.1,0,,허니버터칩 마니아
5.817594690008515e+17,은평구 독거노인,314.6,550,0.0,정상인 코스프레 장인
3.708942092735611e+17,영선쓰,28.40000000000004,0,0.0,빛의 조영선
