,wallet,blackcow
호준,424.4500000000007,270.0
홍동욱,208.8000000000001,0.0
skek,512.4500000000002,0.0
비대면의 서동주,535.6000000000001,0.0
영선쓰,189.1000000000001,0.0
독거노인,101.85,0.0
